[
  {
    "id": "2566c986-90a0-479e-bbeb-f0310f454a39",
    "data": [
      {
        "text": "Find out why it\u0027s different.",
        "userDefined": false
      }
    ],
    "isTemplate": false,
    "count": 0,
    "updated": 1544523947
  },
  {
    "id": "fc1159dc-a7be-4449-b644-eb271b3e36b8",
    "data": [
      {
        "text": "See why it\u0027s different Compare my bills",
        "userDefined": false
      }
    ],
    "isTemplate": false,
    "count": 0,
    "updated": 1544001694
  },
  {
    "id": "f4dea3ec-82e7-43c2-a0e6-b81b9816b935",
    "data": [
      {
        "text": "See why it\u0027s different",
        "userDefined": false
      }
    ],
    "isTemplate": false,
    "count": 0,
    "updated": 1543926245
  },
  {
    "id": "4ef9b6c9-f56e-45cc-95fe-fc5084e5bc52",
    "data": [
      {
        "text": "Yes, compare my bills",
        "userDefined": false
      }
    ],
    "isTemplate": false,
    "count": 0,
    "updated": 1543582547
  },
  {
    "id": "2591f497-4e8a-413d-9531-f730afb5a509",
    "data": [
      {
        "text": "Compare",
        "userDefined": false
      }
    ],
    "isTemplate": false,
    "count": 0,
    "updated": 1543493701
  },
  {
    "id": "94478942-6480-494c-8693-4bcdab0b8db7",
    "data": [
      {
        "text": "Compare my bills",
        "userDefined": false
      }
    ],
    "isTemplate": false,
    "count": 0,
    "updated": 1543493701
  }
]