[
  {
    "id": "93ca01de-0f78-4fb6-87c7-7a6321781309",
    "data": [
      {
        "text": "Pay my bill",
        "userDefined": false
      }
    ],
    "isTemplate": false,
    "count": 0,
    "updated": 1544523794
  },
  {
    "id": "142a3632-bb97-4e00-88a3-73bdef016de8",
    "data": [
      {
        "text": "Yes pay ",
        "userDefined": false
      },
      {
        "text": "bill",
        "meta": "@sys.ignore",
        "userDefined": false
      }
    ],
    "isTemplate": false,
    "count": 0,
    "updated": 1543498287
  },
  {
    "id": "049f9b1d-c46f-44c5-a029-1da6979277f6",
    "data": [
      {
        "text": "Pay ",
        "userDefined": false
      },
      {
        "text": "bill",
        "meta": "@sys.ignore",
        "userDefined": false
      }
    ],
    "isTemplate": false,
    "count": 0,
    "updated": 1543498287
  },
  {
    "id": "71ecb6ee-bb0e-41e3-88c0-b44ac0383c7f",
    "data": [
      {
        "text": "Yes please. Pay it from my checking account",
        "userDefined": false
      }
    ],
    "isTemplate": false,
    "count": 0,
    "updated": 1543498287
  }
]