[
  {
    "id": "b5ed8be9-5edc-40ef-b52a-36abf7f56bf6",
    "data": [
      {
        "text": "energy ",
        "userDefined": false
      },
      {
        "text": "bill",
        "meta": "@sys.ignore",
        "userDefined": false
      }
    ],
    "isTemplate": false,
    "count": 0,
    "updated": 1543581078
  },
  {
    "id": "d7afaa8a-a561-4f5f-847d-36aad3dac09b",
    "data": [
      {
        "text": "Utility Co bill",
        "userDefined": false
      }
    ],
    "isTemplate": false,
    "count": 0,
    "updated": 1543581078
  },
  {
    "id": "57616373-0138-4c5b-a1f8-207a3bf0922e",
    "data": [
      {
        "text": "Utility Co",
        "userDefined": false
      }
    ],
    "isTemplate": false,
    "count": 0,
    "updated": 1543581078
  },
  {
    "id": "aeeb4b01-4574-4d64-9b81-32e4c0431417",
    "data": [
      {
        "text": "Okay Google, what\u0027s my energy bill?",
        "userDefined": false
      }
    ],
    "isTemplate": false,
    "count": 0,
    "updated": 1543325534
  },
  {
    "id": "b4704afe-ad7c-4108-a87d-154ad03dce82",
    "data": [
      {
        "text": "show my energy ",
        "userDefined": false
      },
      {
        "text": "bill",
        "meta": "@sys.ignore",
        "userDefined": false
      }
    ],
    "isTemplate": false,
    "count": 0,
    "updated": 1543400201
  },
  {
    "id": "2c7fcc8c-d4b3-4a20-8e4d-d0d9593c0c47",
    "data": [
      {
        "text": "what\u0027s my energy bill?",
        "userDefined": false
      }
    ],
    "isTemplate": false,
    "count": 0,
    "updated": 1543325534
  }
]