[
  {
    "id": "599b175b-a501-4d7a-afb9-06ea60ac687c",
    "data": [
      {
        "text": "set vehicle charger schedule",
        "userDefined": false
      }
    ],
    "isTemplate": false,
    "count": 0
  },
  {
    "id": "d6d99c9b-9065-49e4-b880-4188649eb8be",
    "data": [
      {
        "text": "set vehicle charge schedule",
        "userDefined": false
      }
    ],
    "isTemplate": false,
    "count": 0
  },
  {
    "id": "e6b5b26f-1eda-4e86-b1a1-0849ce45d48e",
    "data": [
      {
        "text": "set vehicle schedule",
        "userDefined": false
      }
    ],
    "isTemplate": false,
    "count": 0
  },
  {
    "id": "85454854-d0bd-4c2d-bb16-9501153e1fba",
    "data": [
      {
        "text": "yes, set vehicle schedule",
        "userDefined": false
      }
    ],
    "isTemplate": false,
    "count": 0
  }
]