[
  {
    "id": "8e2dead5-78a1-436f-ba2e-d573c2979aef",
    "data": [
      {
        "text": "Tell me what can I do with my thermostat.",
        "userDefined": false
      }
    ],
    "isTemplate": false,
    "count": 0,
    "updated": 1544526394
  },
  {
    "id": "beafcba5-3796-4c3c-b401-616ab90c3b19",
    "data": [
      {
        "text": "what can I do with my thermostat?",
        "userDefined": false
      }
    ],
    "isTemplate": false,
    "count": 0,
    "updated": 1543829893
  },
  {
    "id": "732ff485-b854-4dd2-975b-a4c434f93243",
    "data": [
      {
        "text": "Thermostat tips",
        "userDefined": false
      }
    ],
    "isTemplate": false,
    "count": 0,
    "updated": 1543841528
  }
]