[
  {
    "id": "bc98c33a-515a-4321-a2fb-577c9a49292f",
    "data": [
      {
        "text": "Set my thermostat schedule",
        "userDefined": false
      }
    ],
    "isTemplate": false,
    "count": 0,
    "updated": 1544526472
  },
  {
    "id": "58f52af6-3bb9-4420-b0fe-ffe56d8379bf",
    "data": [
      {
        "text": "Set thermostat schedule",
        "userDefined": false
      }
    ],
    "isTemplate": false,
    "count": 1,
    "updated": 1544093147
  },
  {
    "id": "dbed3dd3-efa2-44e9-9d56-55cb2b525cf4",
    "data": [
      {
        "text": "Yes Schedule thermostat",
        "userDefined": false
      }
    ],
    "isTemplate": false,
    "count": 0,
    "updated": 1543841732
  },
  {
    "id": "dfed9a2c-31fa-46b6-970b-506a42cce94e",
    "data": [
      {
        "text": "Schedule thermostat",
        "userDefined": false
      }
    ],
    "isTemplate": false,
    "count": 0,
    "updated": 1543841732
  }
]