[
  {
    "id": "5ac2d93c-9ccf-450c-99e0-b28947e213ce",
    "data": [
      {
        "text": "My ",
        "userDefined": false
      },
      {
        "text": "bills",
        "meta": "@sys.ignore",
        "userDefined": true
      },
      {
        "text": " ",
        "userDefined": false
      },
      {
        "text": "this month",
        "meta": "@sys.ignore",
        "userDefined": false
      }
    ],
    "isTemplate": false,
    "count": 0,
    "updated": 1543404171
  },
  {
    "id": "24e669cb-30ad-4899-b55f-6da5c30f2806",
    "data": [
      {
        "text": "Show ",
        "userDefined": false
      },
      {
        "text": "bills",
        "meta": "@sys.ignore",
        "userDefined": true
      },
      {
        "text": " for ",
        "userDefined": false
      },
      {
        "text": "this month",
        "meta": "@sys.ignore",
        "userDefined": false
      }
    ],
    "isTemplate": false,
    "count": 0,
    "updated": 1543404171
  },
  {
    "id": "6b35ff31-a26e-4d7d-a82a-33edee7df03b",
    "data": [
      {
        "text": "What are my ",
        "userDefined": false
      },
      {
        "text": "upcoming bills",
        "meta": "@sys.ignore",
        "userDefined": true
      },
      {
        "text": " ",
        "userDefined": false
      },
      {
        "text": "this month",
        "meta": "@sys.ignore",
        "userDefined": false
      },
      {
        "text": "?",
        "userDefined": false
      }
    ],
    "isTemplate": false,
    "count": 0,
    "updated": 1543404171
  }
]